<?xml version="1.0" encoding="UTF-8" standalone="yes"?>
<addon id="repository.vtvonline" name="VTV Online Repositorio" version="1.2" provider-name="RJ">
    <extension point="xbmc.addon.repository" name="Nome Repository">
        <dir>
            <info compressed="false">https://raw.githubusercontent.com/lricardobrlj/VTVOnline-Repositorio/master/zips/addons.xml</info>
            <checksum>https://raw.githubusercontent.com/lricardobrlj/VTVOnline-Repositorio/master/zips/addons.xml.md5</checksum>
            <datadir zip="true">https://raw.githubusercontent.com/lricardobrlj/VTVOnline-Repositorio/master/zips/</datadir>
        </dir>
    </extension>
    <extension point="xbmc.addon.metadata">
        <summary>Repositorio Vtv Online</summary>
        <description>Repositorio Oficial do vtv online</description>
        <disclaimer></disclaimer>
        <platform>all</platform>
        <assets>
            <icon>icon.png</icon>
            <fanart>fanart.jpg</fanart>
        </assets>
    </extension>
</addon>